"DESCRIPTION","DURATION IN MS","NAME","PARENT SUITE","START TIME","STATUS","STOP TIME","SUB SUITE","SUITE","TEST CLASS","TEST METHOD"
"","0","test_valid_payloads_at_slow_rate","tests.relay","2026-09-07","skipped","2026-09-07","TestRelayRLN","test_rln","",""
"","3","test_store_with_empty_pubsub_topics","tests.store","2026-09-07","passed","2026-09-07","TestTopics","test_topics","",""
"","3355","test_unsubscribe_from_all_content_topics","tests.sharding","2026-09-07","passed","2026-09-07","TestRelayAutosharding","test_relay_auto_sharding","",""
"","220","test_store_with_wrongPeerAddr","tests.store","2026-09-07","passed","2026-09-07","TestApiFlags","test_api_flags","",""
"","69001","test_relay_4_nodes_sender_packet_loss_50_15sec_timeout","tests.e2e","2026-09-07","skipped","2026-09-07","TestNetworkConditions","test_network_conditions","",""
"","2762","test_pubsub_topic_not_in_docker_flags","tests.sharding","2026-09-07","passed","2026-09-07","TestRunningNodesStaticSharding","test_running_nodes_static_sharding","",""
"","2579","test_single_content_topic[/app/20/sometopic/someencoding]","tests.sharding","2026-09-07","passed","2026-09-07","TestRunningNodesAutosharding","test_running_nodes_auto_sharding","",""
"","83500","test_relay_packet_loss_applied_mid_way","tests.e2e","2026-09-07","passed","2026-09-07","TestNetworkConditions","test_network_conditions","",""
"","3907","test_store_lightpushed_message","tests.store","2026-09-07","passed","2026-09-07","TestRunningNodes","test_running_nodes","",""
"","5","test_store_with_unknown_content_topic","tests.store","2026-09-07","passed","2026-09-07","TestTopics","test_topics","",""
"","2595","test_retrieve_messages_without_subscribing_via_api","tests.sharding","2026-09-07","passed","2026-09-07","TestRelayAutosharding","test_relay_auto_sharding","",""
"","15204","test_static_shard_relay_10_nwaku_nodes","tests.sharding","2026-09-07","passed","2026-09-07","TestMultipleNodes","test_multiple_nodes","",""
"","8230","test_static_shard_relay","tests.sharding","2026-09-07","passed","2026-09-07","TestMultipleNodes","test_multiple_nodes","",""
"","166","test_light_push_with_payload_less_than_150_kb","tests.light_push","2026-09-07","passed","2026-09-07","TestLightPushPublish","test_publish","",""
"","4129","test_different_cursor_and_indexes[3-20]","tests.store","2026-09-07","passed","2026-09-07","TestCursor","test_cursor","",""
"","120","test_relay_subscribe_to_single_pubsub_topic","tests.relay","2026-09-07","passed","2026-09-07","TestRelaySubscribe","test_subscribe","",""
"","835","test_passing_cursor_of_non_existing_message_from_the_store","tests.store","2026-09-07","passed","2026-09-07","TestCursor","test_cursor","",""
"","9","test_filter_unsubscribe_with_extra_field","tests.filter","2026-09-07","passed","2026-09-07","TestFilterUnSubscribe","test_unsubscribe","",""
"","125","test_light_push_with_valid_version","tests.light_push","2026-09-07","passed","2026-09-07","TestLightPushPublish","test_publish","",""
"","118","test_filter_unsubscribe_from_non_existing_content_topic","tests.filter","2026-09-07","passed","2026-09-07","TestFilterUnSubscribe","test_unsubscribe","",""
"","8","test_filter_update_subscription_with_extra_field","tests.filter","2026-09-07","passed","2026-09-07","TestFilterSubscribeUpdate","test_subscribe_update","",""
"","25537","test_sync_flags_no_relay_2nodes","tests.store_sync","2026-09-07","passed","2026-09-07","TestStoreSync","test_store_sync","",""
"","5","test_filter_update_subscription_with_no_pubsub_topic","tests.filter","2026-09-07","passed","2026-09-07","TestFilterSubscribeUpdate","test_subscribe_update","",""
"","8195","test_store_with_multiple_hashes","tests.store","2026-09-07","passed","2026-09-07","TestHashes","test_hashes","",""
"","3388","test_multiple_content_topics_same_shard[content_topic_list0]","tests.sharding","2026-09-07","passed","2026-09-07","TestRunningNodesAutosharding","test_running_nodes_auto_sharding","",""
"","225","test_filter_unsubscribe_from_single_content_topic","tests.filter","2026-09-07","passed","2026-09-07","TestFilterUnSubscribe","test_unsubscribe","",""
"","2601","test_2_nodes_different_content_topic_different_shard","tests.sharding","2026-09-07","passed","2026-09-07","TestRunningNodesAutosharding","test_running_nodes_auto_sharding","",""
"","467","test_relay_subscribe_with_multiple_overlapping_pubsub_topics","tests.relay","2026-09-07","passed","2026-09-07","TestRelaySubscribe","test_subscribe","",""
"","3237","test_log_level_INFO_from_DEBUG","tests.rest_flags","2026-09-07","passed","2026-09-07","TestAdminFlags","test_admin_flags","",""
"","4502","test_publish_with_valid_content_topics","tests.relay","2026-09-07","passed","2026-09-07","TestRelayPublish","test_publish","",""
"","8","test_light_push_with_missing_payload","tests.light_push","2026-09-07","passed","2026-09-07","TestLightPushPublish","test_publish","",""
"","6645","test_multiple_receiving_nodes","tests.light_push","2026-09-07","passed","2026-09-07","TestMultipleNodes","test_multiple_nodes","",""
"","0","test_2_lightpush_nodes_and_2_receiving_nodes","tests.light_push","2026-09-07","skipped","2026-09-07","TestMultipleNodes","test_multiple_nodes","",""
"","3516","test_main_node_only_relay__peer_only_relay","tests.store","2026-09-07","passed","2026-09-07","TestRunningNodes","test_running_nodes","",""
"","35360","test_filter_node_not_connected_directly_to_lightpushing_node","tests.e2e","2026-09-07","passed","2026-09-07","TestE2E","test_e2e","",""
"","92719","test_filter_3_senders_multiple_msg_1_receiver","tests.e2e","2026-09-07","passed","2026-09-07","TestE2E","test_e2e","",""
"","5837","test_sync_nodes_have_store_true","tests.store_sync","2026-09-07","passed","2026-09-07","TestStoreSync","test_store_sync","",""
"","2701","test_subscribe_and_publish_on_another_content_topic_from_same_shard","tests.sharding","2026-09-07","passed","2026-09-07","TestRelayAutosharding","test_relay_auto_sharding","",""
"","4","test_store_with_unknown_pubsub_topic","tests.store","2026-09-07","passed","2026-09-07","TestTopics","test_topics","",""
"","126","test_first_node_to_start_publishes","tests.relay","2026-09-07","passed","2026-09-07","TestRelayMultipleNodes","test_multiple_nodes","",""
"","366","test_filter_get_message_after_node_pauses_and_pauses","tests.filter","2026-09-07","passed","2026-09-07","TestFilterGetMessages","test_get_messages","",""
"","455","test_message_relayed_while_store_node_is_paused","tests.store","2026-09-07","passed","2026-09-07","TestReliability","test_reliability","",""
"","2785","test_single_content_topic[/statusim/1/community/cbor]","tests.sharding","2026-09-07","passed","2026-09-07","TestRunningNodesAutosharding","test_running_nodes_auto_sharding","",""
"","231","test_relay_unsubscribe_from_non_existing_pubsub_topic","tests.relay","2026-09-07","passed","2026-09-07","TestRelaySubscribe","test_subscribe","",""
"","11","test_filter_ping_without_request_id","tests.filter","2026-09-07","passed","2026-09-07","TestFilterPing","test_ping","",""
"","212","test_message_with_ephemeral_true","tests.store","2026-09-07","passed","2026-09-07","TestEphemeral","test_ephemeral","",""
"","1244","test_time_filter_end_time_now","tests.store","2026-09-07","passed","2026-09-07","TestTimeFilter","test_time_filter","",""
"","113","test_publish_with_no_timestamp","tests.relay","2026-09-07","passed","2026-09-07","TestRelayPublish","test_publish","",""
"","2531","test_unsubscribe_from_non_subscribed_pubsub_topics","tests.sharding","2026-09-07","passed","2026-09-07","TestRelayStaticSharding","test_relay_static_sharding","",""
"","16060","test_get_peers","tests.peer_connection_management","2026-09-07","passed","2026-09-07","TestPeerStore","test_peer_store","",""
"","375","test_filter_subscribe_to_pubsub_topics_from_multiple_clusters","tests.filter","2026-09-07","passed","2026-09-07","TestFilterSubscribeCreate","test_subscribe_create","",""
"","8298","test_different_cursor_and_indexes[10-40]","tests.store","2026-09-07","passed","2026-09-07","TestCursor","test_cursor","",""
"","3296","test_subscribe_via_api_to_new_pubsub_topics","tests.sharding","2026-09-07","passed","2026-09-07","TestRelayStaticSharding","test_relay_static_sharding","",""
"","10","test_relay_unsubscribe_with_invalid_pubsub_topic_format","tests.relay","2026-09-07","passed","2026-09-07","TestRelaySubscribe","test_subscribe","",""
"","4281","test_check_sync_when_all_3_nodes_publish","tests.store_sync","2026-09-07","passed","2026-09-07","TestStoreSync","test_store_sync","",""
"","2576","test_cant_retrieve_messages_on_not_subscribed_content_topic","tests.sharding","2026-09-07","passed","2026-09-07","TestRelayAutosharding","test_relay_auto_sharding","",""
"","25938","test_on_postgress_db_with_one_message","tests.store","2026-09-07","passed","2026-09-07","TestExternalDb","test_external_db","",""
"","415","test_light_push_after_node_pauses_and_pauses","tests.light_push","2026-09-07","passed","2026-09-07","TestLightPushPublish","test_publish","",""
"","7936","test_multiple_lightpush_nodes","tests.light_push","2026-09-07","passed","2026-09-07","TestMultipleNodes","test_multiple_nodes","",""
"","74904","test_relay_7_nodes_3sec_latency","tests.e2e","2026-09-07","passed","2026-09-07","TestNetworkConditions","test_network_conditions","",""
"","2523","test_cant_publish_on_not_subscribed_shard","tests.sharding","2026-09-07","passed","2026-09-07","TestRelayStaticSharding","test_relay_static_sharding","",""
"","2668","test_publish_on_multiple_content_topics_and_only_after_fetch_them[content_topic_list0]","tests.sharding","2026-09-07","passed","2026-09-07","TestRelayAutosharding","test_relay_auto_sharding","",""
"","220","test_filter_get_message_with_ephemeral","tests.filter","2026-09-07","passed","2026-09-07","TestFilterGetMessages","test_get_messages","",""
"","2623","test_2_nodes_different_cluster_same_shard","tests.sharding","2026-09-07","passed","2026-09-07","TestRunningNodesStaticSharding","test_running_nodes_static_sharding","",""
"","0","test_sync_nodes_are_relay","tests.store_sync","2026-09-07","skipped","2026-09-07","TestStoreSync","test_store_sync","",""
"","3806","test_admin_peers_mesh_on_shard_contains_node2","tests.rest_flags","2026-09-07","passed","2026-09-07","TestAdminFlags","test_admin_flags","",""
"","3","test_filter_unsubscribe_with_content_topic_string_instead_of_list","tests.filter","2026-09-07","passed","2026-09-07","TestFilterUnSubscribe","test_unsubscribe","",""
"","0","test_valid_payloads_random_epoch_at_slow_rate","tests.relay","2026-09-07","skipped","2026-09-07","TestRelayRLN","test_rln","",""
"","46","test_light_push_with_payload_of_150_kb","tests.light_push","2026-09-07","passed","2026-09-07","TestLightPushPublish","test_publish","",""
"","1","test_metadata_protocol_mounted_also_on_non_1_clusters","tests.logs","2026-09-07","passed","2026-09-07","TestLogs","test_logs","",""
"","334","test_filter_resubscribe_to_unsubscribed_topics","tests.filter","2026-09-07","passed","2026-09-07","TestFilterUnSubscribe","test_unsubscribe","",""
"","3029","test_main_node_relay_lightpush__peer_only_relay","tests.light_push","2026-09-07","passed","2026-09-07","TestRunningNodes","test_running_nodes","",""
"","612","test_publishing_node_is_stopped","tests.store","2026-09-07","passed","2026-09-07","TestReliability","test_reliability","",""
"","3","test_relay_subscribe_with_empty_pubsub_topic_list","tests.relay","2026-09-07","passed","2026-09-07","TestRelaySubscribe","test_subscribe","",""
"","3","test_filter_subscribe_with_no_request_id","tests.filter","2026-09-07","passed","2026-09-07","TestFilterSubscribeCreate","test_subscribe_create","",""
"","1243","test_time_filter_zero_start_time","tests.store","2026-09-07","passed","2026-09-07","TestTimeFilter","test_time_filter","",""
"","118","test_last_node_to_start_publishes","tests.relay","2026-09-07","passed","2026-09-07","TestRelayMultipleNodes","test_multiple_nodes","",""
"","120","test_filter_unsubscribe_from_non_existing_pubsub_topic","tests.filter","2026-09-07","passed","2026-09-07","TestFilterUnSubscribe","test_unsubscribe","",""
"","4","test_filter_get_message_with_extra_field","tests.filter","2026-09-07","passed","2026-09-07","TestFilterGetMessages","test_get_messages","",""
"","38132","test_store_sync_range_with_zero_jitter","tests.store_sync","2026-09-07","passed","2026-09-07","TestStoreSync","test_store_sync","",""
"","2388","test_main_node_relay_lightpush__peer_only_filter","tests.light_push","2026-09-07","passed","2026-09-07","TestRunningNodes","test_running_nodes","",""
"","422","test_different_page_size[1]","tests.store","2026-09-07","passed","2026-09-07","TestPageSize","test_page_size","",""
"","130","test_filter_update_subscription_refresh_existing","tests.filter","2026-09-07","passed","2026-09-07","TestFilterSubscribeUpdate","test_subscribe_update","",""
"","0","test_peer_store_content_after_node2_restarts","tests.peer_connection_management","2026-09-07","skipped","2026-09-07","TestPeerStore","test_peer_store","",""
"","836","test_invalid_hash_param","tests.store","2026-09-07","passed","2026-09-07","TestHashes","test_hashes","",""
"","9","test_filter_subscribe_to_101_content_topics","tests.filter","2026-09-07","passed","2026-09-07","TestFilterSubscribeCreate","test_subscribe_create","",""
"","142459","test_filter_many_subscribed_nodes","tests.e2e","2026-09-07","passed","2026-09-07","TestE2E","test_e2e","",""
"","102949","test_store_sync_after_partition_under_100_msgs","tests.store_sync","2026-09-07","passed","2026-09-07","TestStoreSync","test_store_sync","",""
"","37","test_store_with_both_pubsub_topic_and_content_topic","tests.store","2026-09-07","passed","2026-09-07","TestTopics","test_topics","",""
"","2484","test_admin_filter_subscriptions_shape","tests.rest_flags","2026-09-07","passed","2026-09-07","TestAdminFlags","test_admin_flags","",""
"","0","test_valid_payloads_with_optional_nodes_at_spam_rate","tests.relay","2026-09-07","skipped","2026-09-07","TestRelayRLN","test_rln","",""
"","3","test_filter_update_subscription_with_no_request_id","tests.filter","2026-09-07","passed","2026-09-07","TestFilterSubscribeUpdate","test_subscribe_update","",""
"","2606","test_sender_uses_regular_api_receiver_uses_auto_api","tests.sharding","2026-09-07","passed","2026-09-07","TestRunningNodesAutosharding","test_running_nodes_auto_sharding","",""
"","36483","test_multiple_edge_service_nodes_communication","tests.e2e","2026-09-07","passed","2026-09-07","TestE2E","test_e2e","",""
"","855","test_light_push_with_valid_timestamps","tests.light_push","2026-09-07","passed","2026-09-07","TestLightPushPublish","test_publish","",""
"","0","test_valid_payloads_n1_with_rln_n2_without_rln_at_spam_rate","tests.relay","2026-09-07","skipped","2026-09-07","TestRelayRLN","test_rln","",""
"","785","test_publish_with_valid_timestamps","tests.relay","2026-09-07","passed","2026-09-07","TestRelayPublish","test_publish","",""
"","1700","test_message_relayed_before_store_node_is_started","tests.store","2026-09-07","passed","2026-09-07","TestReliability","test_reliability","",""
"","609","test_relay_unsubscribe_from_all_pubsub_topics","tests.relay","2026-09-07","passed","2026-09-07","TestRelaySubscribe","test_subscribe","",""
"","4","test_filter_update_subscription_with_no_content_topic","tests.filter","2026-09-07","passed","2026-09-07","TestFilterSubscribeUpdate","test_subscribe_update","",""
"","145","test_message_light_pushed_on_different_pubsub_topic_is_not_retrieved","tests.light_push","2026-09-07","passed","2026-09-07","TestLightPushPublish","test_publish","",""
"","353","test_filter_update_subscription_add_a_new_pubsub_topic","tests.filter","2026-09-07","passed","2026-09-07","TestFilterSubscribeUpdate","test_subscribe_update","",""
"","2540","test_single_content_topic[/waku/2/content/test.js]","tests.sharding","2026-09-07","passed","2026-09-07","TestRunningNodesAutosharding","test_running_nodes_auto_sharding","",""
"","1947","test_publish_after_node2_restarts","tests.relay","2026-09-07","passed","2026-09-07","TestRelayPublish","test_publish","",""
"","3493","test_unsubscribe_from_all_content_topics_one_by_one","tests.sharding","2026-09-07","passed","2026-09-07","TestRelayAutosharding","test_relay_auto_sharding","",""
"","426","test_get_store_duplicate_messages","tests.store","2026-09-07","passed","2026-09-07","TestGetMessages","test_get_messages","",""
"","5255","test_metrics_after_store_get","tests.metrics","2026-09-07","passed","2026-09-07","TestMetrics","test_metrics","",""
"","161","test_relay_get_message_while_one_peer_is_paused","tests.relay","2026-09-07","passed","2026-09-07","TestRelayMultipleNodes","test_multiple_nodes","",""
"","218","test_filter_get_message_duplicate_message","tests.filter","2026-09-07","passed","2026-09-07","TestFilterGetMessages","test_get_messages","",""
"","714","test_filter_unsubscribe_all_from_90_content_topics","tests.filter","2026-09-07","passed","2026-09-07","TestFilterUnSubscribeAll","test_unsubscribe_all","",""
"","7095","test_admin_connected_peers_on_shard_contains_all_three","tests.rest_flags","2026-09-07","passed","2026-09-07","TestAdminFlags","test_admin_flags","",""
"","3387","test_multiple_content_topics_same_shard[content_topic_list1]","tests.sharding","2026-09-07","passed","2026-09-07","TestRunningNodesAutosharding","test_running_nodes_auto_sharding","",""
"","63880","test_store_filter_interaction_with_six_nodes","tests.e2e","2026-09-07","passed","2026-09-07","TestE2E","test_e2e","",""
"","1152","test_filter_unsubscribe_all_from_multiple_pubsub_topics","tests.filter","2026-09-07","passed","2026-09-07","TestFilterUnSubscribeAll","test_unsubscribe_all","",""
"","2703","test_main_node_relay_and_store__peer_only_store","tests.store","2026-09-07","passed","2026-09-07","TestRunningNodes","test_running_nodes","",""
"","5098","test_optional_nodes_not_subscribed_to_same_topic","tests.filter","2026-09-07","passed","2026-09-07","TestFilterMultipleNodes","test_multiple_nodes","",""
"","214","test_store_with_wrong_url_pubsub_topic","tests.store","2026-09-07","passed","2026-09-07","TestTopics","test_topics","",""
"","8238","test_get_multiple_store_messages","tests.store","2026-09-07","passed","2026-09-07","TestGetMessages","test_get_messages","",""
"","0","test_valid_payload_at_variable_rate","tests.relay","2026-09-07","skipped","2026-09-07","TestRelayRLN","test_rln","",""
"","13907","test_relay_2_nodes_packet_reordering","tests.e2e","2026-09-07","passed","2026-09-07","TestNetworkConditions","test_network_conditions","",""
"","2623","test_subscribe_and_publish_on_another_content_topic_from_another_shard","tests.sharding","2026-09-07","passed","2026-09-07","TestRelayAutosharding","test_relay_auto_sharding","",""
"","34456","test_high_message_volume_sync","tests.store_sync","2026-09-07","passed","2026-09-07","TestStoreSync","test_store_sync","",""
"","2066","test_store_sort_ascending[true]","tests.store","2026-09-07","passed","2026-09-07","TestSorting","test_sorting","",""
"","98372","test_relay_4_nodes_sender_packet_loss_delivery_ratio_simple[loss60]","tests.e2e","2026-09-07","skipped","2026-09-07","TestNetworkConditions","test_network_conditions","",""
"","2604","test_2_nodes_different_content_topic_same_shard","tests.sharding","2026-09-07","passed","2026-09-07","TestRunningNodesAutosharding","test_running_nodes_auto_sharding","",""
"","38181","test_store_sync_range_with_jitter_catches_old_messages","tests.store_sync","2026-09-07","passed","2026-09-07","TestStoreSync","test_store_sync","",""
"","115173","test_relay_packet_loss_sender_vs_receiver","tests.e2e","2026-09-07","passed","2026-09-07","TestNetworkConditions","test_network_conditions","",""
"","3","test_relay_no_subscription","tests.relay","2026-09-07","passed","2026-09-07","TestRelaySubscribe","test_subscribe","",""
"","15548","test_relay_2_nodes_low_bandwidth_reliability","tests.e2e","2026-09-07","passed","2026-09-07","TestNetworkConditions","test_network_conditions","",""
"","34009","test_store_node_not_connected_directly_to_relaying_node","tests.e2e","2026-09-07","passed","2026-09-07","TestE2E","test_e2e","",""
"","8440","test_store_with_hashes","tests.store","2026-09-07","passed","2026-09-07","TestHashes","test_hashes","",""
"","211","test_get_store_messages_with_wrong_typo_content_topic","tests.store","2026-09-07","passed","2026-09-07","TestApiFlags","test_api_flags","",""
"","1233","test_time_filter_zero_start_end_time","tests.store","2026-09-07","passed","2026-09-07","TestTimeFilter","test_time_filter","",""
"","218","test_message_with_ephemeral_false","tests.store","2026-09-07","passed","2026-09-07","TestEphemeral","test_ephemeral","",""
"","4989","test_multiple_content_topics_and_multiple_pubsub_topics","tests.sharding","2026-09-07","passed","2026-09-07","TestRunningNodesAutosharding","test_running_nodes_auto_sharding","",""
"","221","test_optional_nodes_not_subscribed_to_same_pubsub_topic","tests.relay","2026-09-07","passed","2026-09-07","TestRelayMultipleNodes","test_multiple_nodes","",""
"","103620","test_store_sync_long_chain","tests.store_sync","2026-09-07","passed","2026-09-07","TestStoreSync","test_store_sync","",""
"","1246","test_time_filter_negative_start_time","tests.store","2026-09-07","passed","2026-09-07","TestTimeFilter","test_time_filter","",""
"","247","test_filter_unsubscribe_from_all_subscribed_content_topics","tests.filter","2026-09-07","passed","2026-09-07","TestFilterUnSubscribe","test_unsubscribe","",""
"","123084","test_store_sync_high_jitter_stress","tests.store_sync","2026-09-07","passed","2026-09-07","TestStoreSync","test_store_sync","",""
"","2582","test_single_pubsub_topic[/waku/2/rs/5/999]","tests.sharding","2026-09-07","passed","2026-09-07","TestRunningNodesStaticSharding","test_running_nodes_static_sharding","",""
"","2644","test_node_uses_both_auto_and_regular_apis","tests.sharding","2026-09-07","passed","2026-09-07","TestRunningNodesAutosharding","test_running_nodes_auto_sharding","",""
"","4878","test_unsubscribe_from_some_content_topics[content_topic_list1]","tests.sharding","2026-09-07","passed","2026-09-07","TestRelayAutosharding","test_relay_auto_sharding","",""
"","3273","test_subscribe_via_api_to_new_content_topics[content_topic_list0]","tests.sharding","2026-09-07","passed","2026-09-07","TestRelayAutosharding","test_relay_auto_sharding","",""
"","0","test_verify_node_version2","tests.rest_flags","2026-09-07","skipped","2026-09-07","TestDebugFlags","test_debug_flags","",""
"","2470","test_admin_service_peers_scalar_required_types","tests.rest_flags","2026-09-07","passed","2026-09-07","TestAdminFlags","test_admin_flags","",""
"","1243","test_time_filter_matches_one_message","tests.store","2026-09-07","passed","2026-09-07","TestTimeFilter","test_time_filter","",""
"","4369","test_subscribe_one_by_one_to_different_content_topics_and_send_messages","tests.sharding","2026-09-07","passed","2026-09-07","TestRelayAutosharding","test_relay_auto_sharding","",""
"","830","test_store_invalid_ascending","tests.store","2026-09-07","passed","2026-09-07","TestSorting","test_sorting","",""
"","133","test_filter_subscribe_to_pubsub_topic_from_another_cluster_id","tests.filter","2026-09-07","passed","2026-09-07","TestFilterSubscribeCreate","test_subscribe_create","",""
"","12","test_filter_subscribe_with_extra_field","tests.filter","2026-09-07","passed","2026-09-07","TestFilterSubscribeCreate","test_subscribe_create","",""
"","193031","test_filter_20_senders_1_receiver","tests.e2e","2026-09-07","passed","2026-09-07","TestE2E","test_e2e","",""
"","757","test_relay_get_message_after_one_peer_was_stopped","tests.relay","2026-09-07","passed","2026-09-07","TestRelayMultipleNodes","test_multiple_nodes","",""
"","2707","test_main_node_only_relay__peer_only_store","tests.store","2026-09-07","passed","2026-09-07","TestRunningNodes","test_running_nodes","",""
"","3362","test_filter_static_sharding_multiple_shards","tests.sharding","2026-09-07","passed","2026-09-07","TestFilterStaticSharding","test_filter","",""
"","114","test_publish_with_valid_meta","tests.relay","2026-09-07","passed","2026-09-07","TestRelayPublish","test_publish","",""
"","1194","test_verify_node_info","tests.rest_flags","2026-09-07","passed","2026-09-07","TestDebugFlags","test_debug_flags","",""
"","129","test_light_push_with_valid_meta","tests.light_push","2026-09-07","passed","2026-09-07","TestLightPushPublish","test_publish","",""
"","27935","test_relay_2_nodes_temporary_blackout_recovers_no_helpers","tests.e2e","2026-09-07","passed","2026-09-07","TestNetworkConditions","test_network_conditions","",""
"","4071","test_check_sync_when_2_nodes_publish","tests.store_sync","2026-09-07","passed","2026-09-07","TestStoreSync","test_store_sync","",""
"","11319","test_filter_subscribe_to_100_content_topics_in_one_call","tests.filter","2026-09-07","passed","2026-09-07","TestFilterSubscribeCreate","test_subscribe_create","",""
"","4700","test_filter_auto_sharding_multiple_content_topics","tests.sharding","2026-09-07","passed","2026-09-07","TestFilterAutoSharding","test_filter","",""
"","3085","test_main_node_full__peer_full","tests.light_push","2026-09-07","passed","2026-09-07","TestRunningNodes","test_running_nodes","",""
"","14","test_publish_with_invalid_payloads","tests.relay","2026-09-07","passed","2026-09-07","TestRelayPublish","test_publish","",""
"","2591","test_content_topic_also_in_docker_flags[/toychat/2/huilong/proto]","tests.sharding","2026-09-07","passed","2026-09-07","TestRunningNodesStaticSharding","test_running_nodes_static_sharding","",""
"","663","test_filter_unsubscribe_from_pubsub_topics","tests.filter","2026-09-07","passed","2026-09-07","TestFilterUnSubscribe","test_unsubscribe","",""
"","109","test_publish_with_valid_version","tests.relay","2026-09-07","passed","2026-09-07","TestRelayPublish","test_publish","",""
"","8519","test_get_store_messages_with_different_payloads","tests.store","2026-09-07","passed","2026-09-07","TestGetMessages","test_get_messages","",""
"","3473","test_unsubscribe_from_all_pubsub_topics","tests.sharding","2026-09-07","passed","2026-09-07","TestRelayStaticSharding","test_relay_static_sharding","",""
"","867","test_light_push_after_light_push_node_restarts","tests.light_push","2026-09-07","passed","2026-09-07","TestLightPushPublish","test_publish","",""
"","96072","test_relay_4_nodes_two_publishers_compare_latency","tests.e2e","2026-09-07","passed","2026-09-07","TestNetworkConditions","test_network_conditions","",""
"","13","test_light_push_with_invalid_payloads","tests.light_push","2026-09-07","passed","2026-09-07","TestLightPushPublish","test_publish","",""
"","7","test_filter_update_subscription_with_invalid_request_id","tests.filter","2026-09-07","passed","2026-09-07","TestFilterSubscribeUpdate","test_subscribe_update","",""
"","37023","test_store_no_peer_selected","tests.e2e","2026-09-07","passed","2026-09-07","TestE2E","test_e2e","",""
"","6220","test_page_size_0_defaults_to_20","tests.store","2026-09-07","passed","2026-09-07","TestPageSize","test_page_size","",""
"","215","test_get_store_message_with_meta","tests.store","2026-09-07","passed","2026-09-07","TestGetMessages","test_get_messages","",""
"","6","test_store_with_unknown_pubsub_topic_but_known_content_topic","tests.store","2026-09-07","passed","2026-09-07","TestTopics","test_topics","",""
"","0","test_valid_payloads_dynamic_at_slow_rate","tests.relay","2026-09-07","skipped","2026-09-07","TestRelayRLN","test_rln","",""
"","33788","test_relay_receiving_node_not_connected_directly_to_lightpushing_node","tests.e2e","2026-09-07","passed","2026-09-07","TestE2E","test_e2e","",""
"","5","test_light_push_with_invalid_meta","tests.light_push","2026-09-07","passed","2026-09-07","TestLightPushPublish","test_publish","",""
"","211","test_store_with_peerAddr","tests.store","2026-09-07","passed","2026-09-07","TestApiFlags","test_api_flags","",""
"","115","test_filter_get_message_with_meta","tests.filter","2026-09-07","passed","2026-09-07","TestFilterGetMessages","test_get_messages","",""
"","123","test_message_published_on_different_pubsub_topic_is_not_retrieved","tests.relay","2026-09-07","passed","2026-09-07","TestRelayPublish","test_publish","",""
"","9","test_filter_subscribe_with_no_pubsub_topic","tests.filter","2026-09-07","passed","2026-09-07","TestFilterSubscribeCreate","test_subscribe_create","",""
"","3","test_store_with_wrong_encoding_pubsubtopic","tests.store","2026-09-07","passed","2026-09-07","TestTopics","test_topics","",""
"","212","test_get_store_message_with_version","tests.store","2026-09-07","passed","2026-09-07","TestGetMessages","test_get_messages","",""
"","8319","test_store_include_data","tests.store","2026-09-07","passed","2026-09-07","TestApiFlags","test_api_flags","",""
"","3883","test_ping_only_some_nodes_have_subscriptions","tests.filter","2026-09-07","passed","2026-09-07","TestFilterMultipleNodes","test_multiple_nodes","",""
"","3867","test_filter_works_with_auto_sharding","tests.sharding","2026-09-07","passed","2026-09-07","TestFilterAutoSharding","test_filter","",""
"","2075","test_passing_cursor_of_the_last_message_from_the_store","tests.store","2026-09-07","passed","2026-09-07","TestCursor","test_cursor","",""
"","1246","test_time_filter_big_timestamp","tests.store","2026-09-07","passed","2026-09-07","TestTimeFilter","test_time_filter","",""
"","831","test_store_with_duplicate_hashes","tests.store","2026-09-07","passed","2026-09-07","TestHashes","test_hashes","",""
"","853","test_store_with_excessive_length_hash","tests.store","2026-09-07","passed","2026-09-07","TestHashes","test_hashes","",""
"","12","test_filter_update_subscription_add_101_new_content_topics","tests.filter","2026-09-07","passed","2026-09-07","TestFilterSubscribeUpdate","test_subscribe_update","",""
"","6508","test_get_peers_after_node1_was_restarted","tests.peer_exchange","2026-09-07","passed","2026-09-07","TestPeerExchange","test_peer_exchange","",""
"","2070","test_invalid_page_size","tests.store","2026-09-07","passed","2026-09-07","TestPageSize","test_page_size","",""
"","1257","test_messages_with_timestamps_close_to_now","tests.store","2026-09-07","passed","2026-09-07","TestTimeFilter","test_time_filter","",""
"","207","test_store_not_include_data","tests.store","2026-09-07","passed","2026-09-07","TestApiFlags","test_api_flags","",""
"","5","test_store_without_pubsub_topic_and_content_topic","tests.store","2026-09-07","passed","2026-09-07","TestTopics","test_topics","",""
"","1324","test_light_push_with_missing_pubsub_topics","tests.light_push","2026-09-07","passed","2026-09-07","TestLightPushPublish","test_publish","",""
"","5557","test_metrics_after_relay_publish","tests.metrics","2026-09-07","passed","2026-09-07","TestMetrics","test_metrics","",""
"","9323","test_metrics_after_light_push","tests.metrics","2026-09-07","passed","2026-09-07","TestMetrics","test_metrics","",""
"","2779","test_main_node_only_relay__peer_relay_and_store","tests.store","2026-09-07","passed","2026-09-07","TestRunningNodes","test_running_nodes","",""
"","3187","test_lightpush_node_with_relay_works_correctly","tests.light_push","2026-09-07","passed","2026-09-07","TestRunningNodes","test_running_nodes","",""
"","771","test_filter_get_message_with_valid_timestamps","tests.filter","2026-09-07","passed","2026-09-07","TestFilterGetMessages","test_get_messages","",""
"","2077","test_cursor_equal_to_first_message","tests.store","2026-09-07","passed","2026-09-07","TestCursor","test_cursor","",""
"","238","test_filter_update_subscription_add_a_new_content_topic","tests.filter","2026-09-07","passed","2026-09-07","TestFilterSubscribeUpdate","test_subscribe_update","",""
"","3195","test_log_level_ERROR_from_WARN","tests.rest_flags","2026-09-07","passed","2026-09-07","TestAdminFlags","test_admin_flags","",""
"","2568","test_publish_on_multiple_content_topics_and_only_after_fetch_them[content_topic_list1]","tests.sharding","2026-09-07","passed","2026-09-07","TestRelayAutosharding","test_relay_auto_sharding","",""
"","2906","test_content_topic_also_in_docker_flags[/aaaaa/3/bbbbb/proto]","tests.sharding","2026-09-07","passed","2026-09-07","TestRunningNodesStaticSharding","test_running_nodes_static_sharding","",""
"","132","test_filter_subscribe_to_single_topics","tests.filter","2026-09-07","passed","2026-09-07","TestFilterSubscribeCreate","test_subscribe_create","",""
"","8","test_filter_unsubscribe_with_pubsub_topic_string_instead_of_list","tests.filter","2026-09-07","passed","2026-09-07","TestFilterUnSubscribe","test_unsubscribe","",""
"","34692","test_store_node_not_connected_directly_to_lightpushing_node","tests.e2e","2026-09-07","passed","2026-09-07","TestE2E","test_e2e","",""
"","2582","test_store_with_long_string_pubsub_topic","tests.store","2026-09-07","passed","2026-09-07","TestTopics","test_topics","",""
"","24952","test_light_push_with_valid_content_topics","tests.light_push","2026-09-07","passed","2026-09-07","TestLightPushPublish","test_publish","",""
"","32655","test_admin_connected_peers_scalar_types","tests.rest_flags","2026-09-07","passed","2026-09-07","TestAdminFlags","test_admin_flags","",""
"","36799","test_msg_stored_when_ephemeral_false","tests.e2e","2026-09-07","passed","2026-09-07","TestE2E","test_e2e","",""
"","7","test_filter_subscribe_with_invalid_pubsub_topic_format","tests.filter","2026-09-07","passed","2026-09-07","TestFilterSubscribeCreate","test_subscribe_create","",""
"","21","test_publish_with_invalid_timestamps","tests.relay","2026-09-07","passed","2026-09-07","TestRelayPublish","test_publish","",""
"","147824","test_continuous_store_sync","tests.store_sync","2026-09-07","passed","2026-09-07","TestStoreSync","test_store_sync","",""
"","14","test_filter_ping_on_peer_without_subscription","tests.filter","2026-09-07","passed","2026-09-07","TestFilterPing","test_ping","",""
"","20","test_filter_update_subscription_with_invalid_content_topic_format","tests.filter","2026-09-07","passed","2026-09-07","TestFilterSubscribeUpdate","test_subscribe_update","",""
"","862","test_store_with_empty_and_valid_hash","tests.store","2026-09-07","passed","2026-09-07","TestHashes","test_hashes","",""
"","88165","test_relay_4_nodes_sender_packet_loss_delivery_ratio_simple[loss40]","tests.e2e","2026-09-07","passed","2026-09-07","TestNetworkConditions","test_network_conditions","",""
"","2612","test_single_pubsub_topic[/waku/2/rs/999/999]","tests.sharding","2026-09-07","passed","2026-09-07","TestRunningNodesStaticSharding","test_running_nodes_static_sharding","",""
"","1241","test_time_filter_invalid_start_time","tests.store","2026-09-07","passed","2026-09-07","TestTimeFilter","test_time_filter","",""
"","3","test_publish_with_invalid_version","tests.relay","2026-09-07","passed","2026-09-07","TestRelayPublish","test_publish","",""
"","21","test_light_push_with_invalid_pubsub_topics","tests.light_push","2026-09-07","passed","2026-09-07","TestLightPushPublish","test_publish","",""
"","2556","test_content_topic_not_in_docker_flags","tests.sharding","2026-09-07","passed","2026-09-07","TestRunningNodesAutosharding","test_running_nodes_auto_sharding","",""
"","24960","test_light_push_with_valid_payloads","tests.light_push","2026-09-07","passed","2026-09-07","TestLightPushPublish","test_publish","",""
"","2932","test_2_nodes_different_cluster_different_shard","tests.sharding","2026-09-07","passed","2026-09-07","TestRunningNodesStaticSharding","test_running_nodes_static_sharding","",""
"","576","test_filter_subscribe_to_multiple_pubsub_topic_from_same_cluster","tests.filter","2026-09-07","passed","2026-09-07","TestFilterSubscribeCreate","test_subscribe_create","",""
"","0","test_use_persistent_storage_survive_restart","tests.peer_connection_management","2026-09-07","skipped","2026-09-07","TestPeerStore","test_peer_store","",""
"","3837","test_lightpush","tests.discv5","2026-09-07","passed","2026-09-07","TestDiscv5","test_discv5","",""
"","83096","test_store_sync_small_sync_range","tests.store_sync","2026-09-07","passed","2026-09-07","TestStoreSync","test_store_sync","",""
"","2076","test_passing_cursor_not_returned_in_paginationCursor","tests.store","2026-09-07","passed","2026-09-07","TestCursor","test_cursor","",""
"","377","test_publish_after_node_pauses_and_pauses","tests.relay","2026-09-07","passed","2026-09-07","TestRelayPublish","test_publish","",""
"","832","test_store_with_non_hex_hash","tests.store","2026-09-07","passed","2026-09-07","TestHashes","test_hashes","",""
"","2646","test_main_node_relay_and_store__peer_neither_relay_nor_store","tests.store","2026-09-07","passed","2026-09-07","TestRunningNodes","test_running_nodes","",""
"","9845","test_sync_with_nodes_restart__case2","tests.store_sync","2026-09-07","passed","2026-09-07","TestStoreSync","test_store_sync","",""
"","254","test_light_push_with_ephemeral","tests.light_push","2026-09-07","passed","2026-09-07","TestLightPushPublish","test_publish","",""
"","123","test_light_push_with_no_timestamp","tests.light_push","2026-09-07","passed","2026-09-07","TestLightPushPublish","test_publish","",""
"","6904","test_sync_with_one_node_with_delayed_start","tests.store_sync","2026-09-07","passed","2026-09-07","TestStoreSync","test_store_sync","",""
"","836","test_message_with_both_ephemeral_true_and_false","tests.store","2026-09-07","passed","2026-09-07","TestEphemeral","test_ephemeral","",""
"","70529","test_sync_flags_node2_start_later","tests.store_sync","2026-09-07","passed","2026-09-07","TestStoreSync","test_store_sync","",""
"","28161","test_node_without_sync_or_relay_stays_empty","tests.store_sync","2026-09-07","passed","2026-09-07","TestStoreSync","test_store_sync","",""
"","10","test_filter_unsubscribe_all_on_peer_with_no_subscription","tests.filter","2026-09-07","passed","2026-09-07","TestFilterUnSubscribeAll","test_unsubscribe_all","",""
"","2584","test_single_content_topic[/toychat/2/huilong/proto]","tests.sharding","2026-09-07","passed","2026-09-07","TestRunningNodesAutosharding","test_running_nodes_auto_sharding","",""
"","4151","test_different_cursor_and_indexes[19-20]","tests.store","2026-09-07","passed","2026-09-07","TestCursor","test_cursor","",""
"","26058","test_relay_4_nodes_sender_packet_loss","tests.e2e","2026-09-07","passed","2026-09-07","TestNetworkConditions","test_network_conditions","",""
"","34728","test_three_store_sync_exchange","tests.store_sync","2026-09-07","passed","2026-09-07","TestStoreSync","test_store_sync","",""
"","12","test_filter_unsubscribe_all_with_extra_field","tests.filter","2026-09-07","passed","2026-09-07","TestFilterUnSubscribeAll","test_unsubscribe_all","",""
"","14673","test_relay_different_latency_between_two_nodes[1000]","tests.e2e","2026-09-07","passed","2026-09-07","TestNetworkConditions","test_network_conditions","",""
"","16944","test_different_page_size[81]","tests.store","2026-09-07","passed","2026-09-07","TestPageSize","test_page_size","",""
"","8247","test_different_page_size[39]","tests.store","2026-09-07","passed","2026-09-07","TestPageSize","test_page_size","",""
"","8","test_filter_ping_on_subscribed_peer","tests.filter","2026-09-07","passed","2026-09-07","TestFilterPing","test_ping","",""
"","2075","test_negative_number_page_size","tests.store","2026-09-07","passed","2026-09-07","TestPageSize","test_page_size","",""
"","70656","test_store_sync_indirect_node","tests.store_sync","2026-09-07","passed","2026-09-07","TestStoreSync","test_store_sync","",""
"","3732","test_admin_service_peers_contains_expected_addrs_and_protocols","tests.rest_flags","2026-09-07","passed","2026-09-07","TestAdminFlags","test_admin_flags","",""
"","3248","test_log_level_FATAL_from_ERROR","tests.rest_flags","2026-09-07","passed","2026-09-07","TestAdminFlags","test_admin_flags","",""
"","21","test_light_push_with_with_large_meta","tests.light_push","2026-09-07","passed","2026-09-07","TestLightPushPublish","test_publish","",""
"","2622","test_admin_service_peers_schema","tests.rest_flags","2026-09-07","passed","2026-09-07","TestAdminFlags","test_admin_flags","",""
"","3","test_publish_with_extra_field","tests.relay","2026-09-07","passed","2026-09-07","TestRelayPublish","test_publish","",""
"","6179","test_default_page_size","tests.store","2026-09-07","passed","2026-09-07","TestPageSize","test_page_size","",""
"","5201","test_2_receiving_nodes__relay_node1_forwards_lightpushed_message_to_filter_node2","tests.light_push","2026-09-07","passed","2026-09-07","TestMultipleNodes","test_multiple_nodes","",""
"","0","test_idle_filter_subscriptions_after_node_disconnection","tests.filter","2026-09-07","skipped","2026-09-07","TestIdleSubscriptions","test_idle_subscriptions","",""
"","2657","test_single_pubsub_topic[/waku/2/rs/199/1]","tests.sharding","2026-09-07","passed","2026-09-07","TestRunningNodesStaticSharding","test_running_nodes_static_sharding","",""
"","2","test_publish_with_missing_content_topic","tests.relay","2026-09-07","passed","2026-09-07","TestRelayPublish","test_publish","",""
"","4402","test_filter_get_message_while_one_peer_is_paused","tests.filter","2026-09-07","passed","2026-09-07","TestFilterMultipleNodes","test_multiple_nodes","",""
"","652","test_light_push_on_multiple_pubsub_topics","tests.light_push","2026-09-07","passed","2026-09-07","TestLightPushPublish","test_publish","",""
"","2616","test_single_pubsub_topic[/waku/2/rs/5/1]","tests.sharding","2026-09-07","passed","2026-09-07","TestRunningNodesStaticSharding","test_running_nodes_static_sharding","",""
"","251","test_relay_resubscribe_to_unsubscribed_pubsub_topic","tests.relay","2026-09-07","passed","2026-09-07","TestRelaySubscribe","test_subscribe","",""
"","9","test_publish_with_invalid_content_topics","tests.relay","2026-09-07","passed","2026-09-07","TestRelayPublish","test_publish","",""
"","2998","test_subscribe_and_publish_on_another_shard","tests.sharding","2026-09-07","passed","2026-09-07","TestRelayStaticSharding","test_relay_static_sharding","",""
"","2619","test_sender_uses_auto_api_receiver_uses_regular_api","tests.sharding","2026-09-07","passed","2026-09-07","TestRunningNodesAutosharding","test_running_nodes_auto_sharding","",""
"","15","test_store_is_empty","tests.store","2026-09-07","passed","2026-09-07","TestGetMessages","test_get_messages","",""
"","1740","test_filter_get_50_messages","tests.filter","2026-09-07","passed","2026-09-07","TestFilterGetMessages","test_get_messages","",""
"","4362","test_resubscribe_to_unsubscribed_pubsub_topics","tests.sharding","2026-09-07","passed","2026-09-07","TestRelayStaticSharding","test_relay_static_sharding","",""
"","12","test_filter_unsubscribe_from_101_content_topics","tests.filter","2026-09-07","passed","2026-09-07","TestFilterUnSubscribe","test_unsubscribe","",""
"","3892","test_all_nodes_subscribed_to_the_topic","tests.filter","2026-09-07","passed","2026-09-07","TestFilterMultipleNodes","test_multiple_nodes","",""
"","4418","test_resubscribe_to_unsubscribed_content_topics","tests.sharding","2026-09-07","passed","2026-09-07","TestRelayAutosharding","test_relay_auto_sharding","",""
"","1069","test_invalid_pagination_cursor_param","tests.store","2026-09-07","passed","2026-09-07","TestCursor","test_cursor","",""
"","2028","test_publish_with_payload_less_than_150_kb","tests.relay","2026-09-07","passed","2026-09-07","TestRelayPublish","test_publish","",""
"","5","test_filter_unsubscribe_with_no_request_id","tests.filter","2026-09-07","passed","2026-09-07","TestFilterUnSubscribe","test_unsubscribe","",""
"","859","test_passing_non_base64_cursor","tests.store","2026-09-07","passed","2026-09-07","TestCursor","test_cursor","",""
"","50602","test_relay_2_nodes_bandwidth_low_vs_high_drain_time","tests.e2e","2026-09-07","passed","2026-09-07","TestNetworkConditions","test_network_conditions","",""
"","3946","test_multiple_content_topics_different_shard","tests.sharding","2026-09-07","passed","2026-09-07","TestRunningNodesAutosharding","test_running_nodes_auto_sharding","",""
"","831","test_store_with_invalid_hash","tests.store","2026-09-07","passed","2026-09-07","TestHashes","test_hashes","",""
"","2552","test_publish_on_multiple_pubsub_topics_and_only_after_fetch_them","tests.sharding","2026-09-07","passed","2026-09-07","TestRelayStaticSharding","test_relay_static_sharding","",""
"","26613","test_relay_different_latency_between_two_nodes[7000]","tests.e2e","2026-09-07","passed","2026-09-07","TestNetworkConditions","test_network_conditions","",""
"","3813","test_message_relayed_while_store_node_is_stopped_without_removing","tests.store","2026-09-07","passed","2026-09-07","TestReliability","test_reliability","",""
"","1347","test_store_node_restarts","tests.store","2026-09-07","passed","2026-09-07","TestReliability","test_reliability","",""
"","4966","test_admin_connected_peers_contains_peers_only","tests.rest_flags","2026-09-07","passed","2026-09-07","TestAdminFlags","test_admin_flags","",""
"","3349","test_subscribe_one_by_one_to_different_pubsub_topics_and_send_messages","tests.sharding","2026-09-07","passed","2026-09-07","TestRelayStaticSharding","test_relay_static_sharding","",""
"","0","test_valid_payloads_with_optional_nodes_at_slow_rate","tests.relay","2026-09-07","skipped","2026-09-07","TestRelayRLN","test_rln","",""
"","6833","test_sync_messages_received_via_lightpush","tests.store_sync","2026-09-07","passed","2026-09-07","TestStoreSync","test_store_sync","",""
"","4950","test_admin_peers_stats_counts","tests.rest_flags","2026-09-07","passed","2026-09-07","TestAdminFlags","test_admin_flags","",""
"","225","test_publish_with_ephemeral","tests.relay","2026-09-07","passed","2026-09-07","TestRelayPublish","test_publish","",""
"","1452","test_publishing_node_paused_and_unpaused","tests.store","2026-09-07","passed","2026-09-07","TestReliability","test_reliability","",""
"","3456","test_relay_peers_on_shard_schema","tests.rest_flags","2026-09-07","passed","2026-09-07","TestAdminFlags","test_admin_flags","",""
"","14599","test_large_message_payload_sync","tests.store_sync","2026-09-07","passed","2026-09-07","TestStoreSync","test_store_sync","",""
"","238","test_relay_subscribe_to_already_existing_pubsub_topic","tests.relay","2026-09-07","passed","2026-09-07","TestRelaySubscribe","test_subscribe","",""
"","3552","test_filter_subscribe_to_29_content_topics_in_separate_calls","tests.filter","2026-09-07","passed","2026-09-07","TestFilterSubscribeCreate","test_subscribe_create","",""
"","831","test_different_cursor_and_indexes[2-4]","tests.store","2026-09-07","passed","2026-09-07","TestCursor","test_cursor","",""
"","2652","test_content_topic_and_pubsub_topic_not_in_docker_flags","tests.sharding","2026-09-07","passed","2026-09-07","TestRunningNodesAutosharding","test_running_nodes_auto_sharding","",""
"","9","test_store_with_not_valid_content_topic","tests.store","2026-09-07","passed","2026-09-07","TestTopics","test_topics","",""
"","3411","test_multiple_pubsub_topics_same_cluster","tests.sharding","2026-09-07","passed","2026-09-07","TestRunningNodesStaticSharding","test_running_nodes_static_sharding","",""
"","6","test_store_with_multiple_content_topics","tests.store","2026-09-07","passed","2026-09-07","TestTopics","test_topics","",""
"","2017","test_filter_get_message_with_150_kb_payload","tests.filter","2026-09-07","passed","2026-09-07","TestFilterGetMessages","test_get_messages","",""
"","3","test_store_with_wrong_url_content_topic","tests.store","2026-09-07","passed","2026-09-07","TestTopics","test_topics","",""
"","4","test_store_without_encoding_pubsubtopic","tests.store","2026-09-07","passed","2026-09-07","TestTopics","test_topics","",""
"","6425","test_auto_shard_relay","tests.sharding","2026-09-07","passed","2026-09-07","TestMultipleNodes","test_multiple_nodes","",""
"","7","test_light_push_with_missing_content_topic","tests.light_push","2026-09-07","passed","2026-09-07","TestLightPushPublish","test_publish","",""
"","1248","test_time_filter_start_time_after_end_time","tests.store","2026-09-07","passed","2026-09-07","TestTimeFilter","test_time_filter","",""
"","1245","test_time_filter_negative_end_time","tests.store","2026-09-07","passed","2026-09-07","TestTimeFilter","test_time_filter","",""
"","1240","test_time_filter_matches_no_message","tests.store","2026-09-07","passed","2026-09-07","TestTimeFilter","test_time_filter","",""
"","0","test_valid_payloads_random_user_message_limit","tests.relay","2026-09-07","skipped","2026-09-07","TestRelayRLN","test_rln","",""
"","34","test_store_with_one_content_topic","tests.store","2026-09-07","passed","2026-09-07","TestTopics","test_topics","",""
"","49599","test_store_sync_five_node_mesh_burst","tests.store_sync","2026-09-07","passed","2026-09-07","TestStoreSync","test_store_sync","",""
"","2611","test_relay","tests.discv5","2026-09-07","passed","2026-09-07","TestDiscv5","test_discv5","",""
"","17","test_filter_subscribe_with_invalid_content_topic_format","tests.filter","2026-09-07","passed","2026-09-07","TestFilterSubscribeCreate","test_subscribe_create","",""
"","4015","test_unsubscribe_from_some_content_topics[content_topic_list0]","tests.sharding","2026-09-07","passed","2026-09-07","TestRelayAutosharding","test_relay_auto_sharding","",""
"","2465","test_admin_peers_stats_schema","tests.rest_flags","2026-09-07","passed","2026-09-07","TestAdminFlags","test_admin_flags","",""
"","25041","test_relay_with_latency_between_two_nodes","tests.e2e","2026-09-07","passed","2026-09-07","TestNetworkConditions","test_network_conditions","",""
"","4","test_publish_on_non_subscribed_pubsub_topic","tests.relay","2026-09-07","passed","2026-09-07","TestRelayPublish","test_publish","",""
"","129","test_light_push_and_retrieve_duplicate_message","tests.light_push","2026-09-07","passed","2026-09-07","TestLightPushPublish","test_publish","",""
"","2","test_publish_with_missing_payload","tests.relay","2026-09-07","passed","2026-09-07","TestRelayPublish","test_publish","",""
"","2460","test_admin_peer_by_id","tests.rest_flags","2026-09-07","passed","2026-09-07","TestAdminFlags","test_admin_flags","",""
"","0","test_idle_filter_subscriptions_for_more_than_5_nodes","tests.filter","2026-09-07","skipped","2026-09-07","TestIdleSubscriptions","test_idle_subscriptions","",""
"","22728","test_relay_different_latency_between_two_nodes[5000]","tests.e2e","2026-09-07","passed","2026-09-07","TestNetworkConditions","test_network_conditions","",""
"","1246","test_time_filter_start_time_equals_end_time","tests.store","2026-09-07","passed","2026-09-07","TestTimeFilter","test_time_filter","",""
"","450","test_filter_subscribe_with_multiple_overlapping_content_topics","tests.filter","2026-09-07","passed","2026-09-07","TestFilterSubscribeCreate","test_subscribe_create","",""
"","828","test_store_with_empty_hashes","tests.store","2026-09-07","passed","2026-09-07","TestHashes","test_hashes","",""
"","2429","test_publish_without_subscribing_via_api_works","tests.sharding","2026-09-07","passed","2026-09-07","TestRelayAutosharding","test_relay_auto_sharding","",""
"","3240","test_log_level_WARN_from_NOTICE","tests.rest_flags","2026-09-07","passed","2026-09-07","TestAdminFlags","test_admin_flags","",""
"","45273","test_chain_of_relay_nodes","tests.e2e","2026-09-07","passed","2026-09-07","TestE2E","test_e2e","",""
"","15","test_relay_subscribe_with_invalid_pubsub_topic_format","tests.relay","2026-09-07","passed","2026-09-07","TestRelaySubscribe","test_subscribe","",""
"","2502","test_admin_set_all_log_levels","tests.rest_flags","2026-09-07","passed","2026-09-07","TestAdminFlags","test_admin_flags","",""
"","23109","test_relay_2_nodes_low_bandwidth_sending_over_time","tests.e2e","2026-09-07","passed","2026-09-07","TestNetworkConditions","test_network_conditions","",""
"","123011","test_store_sync_overlap_sync_window","tests.store_sync","2026-09-07","passed","2026-09-07","TestStoreSync","test_store_sync","",""
"","2743","test_main_node_relay_and_store__peer_relay_and_store","tests.store","2026-09-07","passed","2026-09-07","TestRunningNodes","test_running_nodes","",""
"","9","test_filter_unsubscribe_with_no_content_topic","tests.filter","2026-09-07","passed","2026-09-07","TestFilterUnSubscribe","test_unsubscribe","",""
"","3967","test_unsubscribe_from_all_pubsub_topics_one_by_one","tests.sharding","2026-09-07","passed","2026-09-07","TestRelayStaticSharding","test_relay_static_sharding","",""
"","35009","test_relay_receiving_node_not_connected_directly_to_relaying_node","tests.e2e","2026-09-07","passed","2026-09-07","TestE2E","test_e2e","",""
"","51255","test_relay_4_nodes_sender_latency","tests.e2e","2026-09-07","passed","2026-09-07","TestNetworkConditions","test_network_conditions","",""
"","8","test_filter_unsubscribe_all_with_invalid_request_id","tests.filter","2026-09-07","passed","2026-09-07","TestFilterUnSubscribeAll","test_unsubscribe_all","",""
"","2","test_publish_with_invalid_meta","tests.relay","2026-09-07","passed","2026-09-07","TestRelayPublish","test_publish","",""
"","2056","test_store_sort_ascending[false]","tests.store","2026-09-07","passed","2026-09-07","TestSorting","test_sorting","",""
"","48","test_light_push_with_invalid_timestamps","tests.light_push","2026-09-07","passed","2026-09-07","TestLightPushPublish","test_publish","",""
"","1242","test_time_filter_small_timestamp","tests.store","2026-09-07","passed","2026-09-07","TestTimeFilter","test_time_filter","",""
"","0","test_main_node_only_lightpush__peer_only_lightpush","tests.light_push","2026-09-07","skipped","2026-09-07","TestRunningNodes","test_running_nodes","",""
"","2081","test_cursor_near_end","tests.store","2026-09-07","passed","2026-09-07","TestCursor","test_cursor","",""
"","26","test_light_push_with_invalid_content_topics","tests.light_push","2026-09-07","passed","2026-09-07","TestLightPushPublish","test_publish","",""
"","131","test_relay_unsubscribe_from_single_pubsub_topic","tests.relay","2026-09-07","passed","2026-09-07","TestRelaySubscribe","test_subscribe","",""
"","13001","test_relay_different_latency_between_two_nodes[200]","tests.e2e","2026-09-07","passed","2026-09-07","TestNetworkConditions","test_network_conditions","",""
"","13536","test_relay_different_latency_between_two_nodes[500]","tests.e2e","2026-09-07","passed","2026-09-07","TestNetworkConditions","test_network_conditions","",""
"","1242","test_light_push_after_receiving_node_restarts","tests.light_push","2026-09-07","passed","2026-09-07","TestLightPushPublish","test_publish","",""
"","1250","test_time_filter_matches_multiple_messages","tests.store","2026-09-07","passed","2026-09-07","TestTimeFilter","test_time_filter","",""
"","2069","test_cursor_pointing_to_deleted_message","tests.store","2026-09-07","passed","2026-09-07","TestCursor","test_cursor","",""
"","5551","test_metrics_after_filter_get","tests.metrics","2026-09-07","passed","2026-09-07","TestMetrics","test_metrics","",""
"","26451","test_different_cursor_and_indexes[110-120]","tests.store","2026-09-07","passed","2026-09-07","TestCursor","test_cursor","",""
"","84","test_publish_while_peer_is_paused","tests.relay","2026-09-07","passed","2026-09-07","TestRelayPublish","test_publish","",""
"","2650","test_lightpush_with_a_single_receiving_node","tests.light_push","2026-09-07","passed","2026-09-07","TestRunningNodes","test_running_nodes","",""
"","336124","test_latency_with_load_sender_side","tests.e2e","2026-09-07","passed","2026-09-07","TestNetworkConditions","test_network_conditions","",""
"","3","test_light_push_with_extra_field","tests.light_push","2026-09-07","passed","2026-09-07","TestLightPushPublish","test_publish","",""
"","816","test_relay_unsubscribe_from_some_pubsub_topics","tests.relay","2026-09-07","passed","2026-09-07","TestRelaySubscribe","test_subscribe","",""
"","108","test_filter_get_message_with_version","tests.filter","2026-09-07","passed","2026-09-07","TestFilterGetMessages","test_get_messages","",""
"","3007","test_retrieve_messages_without_subscribing_via_api","tests.sharding","2026-09-07","passed","2026-09-07","TestRelayStaticSharding","test_relay_static_sharding","",""
"","5396","test_light_push_while_peer_is_paused","tests.light_push","2026-09-07","passed","2026-09-07","TestLightPushPublish","test_publish","",""
"","2751","test_filter","tests.discv5","2026-09-07","passed","2026-09-07","TestDiscv5","test_discv5","",""
"","3","test_filter_update_subscription_with_pubsub_topic_list_instead_of_string","tests.filter","2026-09-07","passed","2026-09-07","TestFilterSubscribeUpdate","test_subscribe_update","",""
"","11497","test_auto_shard_relay_10_nwaku_nodes","tests.sharding","2026-09-07","passed","2026-09-07","TestMultipleNodes","test_multiple_nodes","",""
"","11","test_filter_subscribe_with_no_content_topic","tests.filter","2026-09-07","passed","2026-09-07","TestFilterSubscribeCreate","test_subscribe_create","",""
"","0","test_get_peers_two_protocols","tests.peer_connection_management","2026-09-07","skipped","2026-09-07","TestPeerStore","test_peer_store","",""
"","2602","test_single_content_topic[/app/27/sometopic/someencoding]","tests.sharding","2026-09-07","passed","2026-09-07","TestRunningNodesAutosharding","test_running_nodes_auto_sharding","",""
"","0","test_valid_payloads_dynamic_at_spam_rate","tests.relay","2026-09-07","skipped","2026-09-07","TestRelayRLN","test_rln","",""
"","3011","test_filter_get_message_after_node1_restarts","tests.filter","2026-09-07","passed","2026-09-07","TestFilterGetMessages","test_get_messages","",""
"","3465","test_filter_update_subscription_add_30_new_content_topics","tests.filter","2026-09-07","passed","2026-09-07","TestFilterSubscribeUpdate","test_subscribe_update","",""
"","2558","test_unsubscribe_from_non_subscribed_content_topics","tests.sharding","2026-09-07","passed","2026-09-07","TestRelayAutosharding","test_relay_auto_sharding","",""
"","2638","test_filter_works_with_static_sharding","tests.sharding","2026-09-07","passed","2026-09-07","TestFilterStaticSharding","test_filter","",""
"","5","test_light_push_with_invalid_version","tests.light_push","2026-09-07","passed","2026-09-07","TestLightPushPublish","test_publish","",""
"","20584","test_different_page_size[99]","tests.store","2026-09-07","passed","2026-09-07","TestPageSize","test_page_size","",""
"","836","test_store_with_wrong_hash","tests.store","2026-09-07","passed","2026-09-07","TestHashes","test_hashes","",""
"","2829","test_store","tests.discv5","2026-09-07","passed","2026-09-07","TestDiscv5","test_discv5","",""
"","2603","test_single_pubsub_topic[/waku/2/rs/8/0]","tests.sharding","2026-09-07","passed","2026-09-07","TestRunningNodesStaticSharding","test_running_nodes_static_sharding","",""
"","407","test_publish_with_payload_equal_or_more_150_kb","tests.relay","2026-09-07","passed","2026-09-07","TestRelayPublish","test_publish","",""
"","3246","test_log_level_DEBUG_from_TRACE","tests.rest_flags","2026-09-07","passed","2026-09-07","TestAdminFlags","test_admin_flags","",""
"","357","test_filter_unsubscribe_from_some_of_the_subscribed_content_topics","tests.filter","2026-09-07","passed","2026-09-07","TestFilterUnSubscribe","test_unsubscribe","",""
"","3258","test_message_relayed_while_store_node_is_stopped_and_removed","tests.store","2026-09-07","passed","2026-09-07","TestReliability","test_reliability","",""
"","36997","test_admin_relay_peers_contains_all_relay_peers","tests.rest_flags","2026-09-07","passed","2026-09-07","TestAdminFlags","test_admin_flags","",""
"","41275","test_max_page_size","tests.store","2026-09-07","passed","2026-09-07","TestPageSize","test_page_size","",""
"","3696","test_filter_get_message_after_node2_restarts","tests.filter","2026-09-07","passed","2026-09-07","TestFilterGetMessages","test_get_messages","",""
"","219","test_publish_and_retrieve_duplicate_message","tests.relay","2026-09-07","passed","2026-09-07","TestRelayPublish","test_publish","",""
"","3384","test_admin_relay_peers_schema","tests.rest_flags","2026-09-07","passed","2026-09-07","TestAdminFlags","test_admin_flags","",""
"","7814","test_sync_flags","tests.store_sync","2026-09-07","passed","2026-09-07","TestStoreSync","test_store_sync","",""
"","2528","test_single_content_topic[/myapp/1/latest/proto]","tests.sharding","2026-09-07","passed","2026-09-07","TestRunningNodesAutosharding","test_running_nodes_auto_sharding","",""
"","3922","test_main_node_only_lightpush__peer_full","tests.light_push","2026-09-07","passed","2026-09-07","TestRunningNodes","test_running_nodes","",""
"","10323","test_different_cursor_and_indexes[19-50]","tests.store","2026-09-07","passed","2026-09-07","TestCursor","test_cursor","",""
"","0","test_valid_payloads_lightpush_at_spam_rate","tests.relay","2026-09-07","skipped","2026-09-07","TestRelayRLN","test_rln","",""
"","4367","test_filter_get_message_with_valid_payloads","tests.filter","2026-09-07","passed","2026-09-07","TestFilterGetMessages","test_get_messages","",""
"","412244","test_get_multiple_2000_store_messages","tests.store","2026-09-07","passed","2026-09-07","TestCursorManyMessages","test_cursor_many_msgs","",""
"","4546","test_filter_get_message_after_one_peer_was_stopped","tests.filter","2026-09-07","passed","2026-09-07","TestFilterMultipleNodes","test_multiple_nodes","",""
"","3190","test_log_level_NOTICE_from_INFO","tests.rest_flags","2026-09-07","passed","2026-09-07","TestAdminFlags","test_admin_flags","",""
"","7775","test_sync_with_nodes_restart__case1","tests.store_sync","2026-09-07","passed","2026-09-07","TestStoreSync","test_store_sync","",""
"","833","test_store_with_non_hex_characters_in_hash","tests.store","2026-09-07","passed","2026-09-07","TestHashes","test_hashes","",""
"","2061","test_empty_cursor","tests.store","2026-09-07","passed","2026-09-07","TestCursor","test_cursor","",""
"","85246","test_relay_packet_loss_correlated_vs_uncorrelated","tests.e2e","2026-09-07","passed","2026-09-07","TestNetworkConditions","test_network_conditions","",""
"","0","test_valid_payloads_at_spam_rate","tests.relay","2026-09-07","skipped","2026-09-07","TestRelayRLN","test_rln","",""
"","225","test_on_empty_postgress_db","tests.store","2026-09-07","passed","2026-09-07","TestExternalDb","test_external_db","",""
"","3947","test_2_receiving_nodes__relay_node1_forwards_lightpushed_message_to_relay_node2","tests.light_push","2026-09-07","passed","2026-09-07","TestMultipleNodes","test_multiple_nodes","",""
"","2075","test_cursor_at_page_size_boundary","tests.store","2026-09-07","passed","2026-09-07","TestCursor","test_cursor","",""
"","37988","test_msg_not_stored_when_ephemeral_true","tests.e2e","2026-09-07","passed","2026-09-07","TestE2E","test_e2e","",""
"","2612","test_single_content_topic[/app/22/sometopic/someencoding]","tests.sharding","2026-09-07","passed","2026-09-07","TestRunningNodesAutosharding","test_running_nodes_auto_sharding","",""
"","5","test_filter_unsubscribe_with_invalid_request_id","tests.filter","2026-09-07","passed","2026-09-07","TestFilterUnSubscribe","test_unsubscribe","",""
"","2645","test_store_with_filter","tests.store","2026-09-07","passed","2026-09-07","TestRunningNodes","test_running_nodes","",""
"","2612","test_single_pubsub_topic[/waku/2/rs/5/0]","tests.sharding","2026-09-07","passed","2026-09-07","TestRunningNodesStaticSharding","test_running_nodes_static_sharding","",""
"","2501","test_single_content_topic[/app/29/sometopic/someencoding]","tests.sharding","2026-09-07","passed","2026-09-07","TestRunningNodesAutosharding","test_running_nodes_auto_sharding","",""
"","34889","test_filter_node_not_connected_directly_to_relaying_node","tests.e2e","2026-09-07","passed","2026-09-07","TestE2E","test_e2e","",""
"","16","test_filter_ping_on_unsubscribed_peer","tests.filter","2026-09-07","passed","2026-09-07","TestFilterPing","test_ping","",""
"","2723","test_main_node_relay_and_store__peer_only_relay","tests.store","2026-09-07","passed","2026-09-07","TestRunningNodes","test_running_nodes","",""
"","0","test_publish_and_retrieve_100_messages","tests.relay","2026-09-07","skipped","2026-09-07","TestRelayPublish","test_publish","",""
"","227","test_filter_unsubscribe_with_very_large_request_id","tests.filter","2026-09-07","passed","2026-09-07","TestFilterUnSubscribe","test_unsubscribe","",""
"","1454","test_store_node_paused_and_unpaused","tests.store","2026-09-07","passed","2026-09-07","TestReliability","test_reliability","",""
"","8197","test_start_node_with_50_pubsub_topics","tests.sharding","2026-09-07","passed","2026-09-07","TestRunningNodesStaticSharding","test_running_nodes_static_sharding","",""
"","13","test_light_push_on_non_subscribed_pubsub_topic","tests.light_push","2026-09-07","passed","2026-09-07","TestLightPushPublish","test_publish","",""
"","8","test_filter_unsubscribe_with_no_pubsub_topic","tests.filter","2026-09-07","passed","2026-09-07","TestFilterUnSubscribe","test_unsubscribe","",""
"","4511","test_publish_with_valid_payloads","tests.relay","2026-09-07","passed","2026-09-07","TestRelayPublish","test_publish","",""
"","2395","test_publish_on_not_subscribed_content_topic_works","tests.sharding","2026-09-07","passed","2026-09-07","TestRelayAutosharding","test_relay_auto_sharding","",""
"","1238","test_publishing_node_restarts","tests.store","2026-09-07","passed","2026-09-07","TestReliability","test_reliability","",""
"","39069","test_repeated_filter_requestID","tests.e2e","2026-09-07","passed","2026-09-07","TestE2E","test_e2e","",""
"","7","test_filter_subscribe_with_invalid_request_id","tests.filter","2026-09-07","passed","2026-09-07","TestFilterSubscribeCreate","test_subscribe_create","",""
"","3281","test_subscribe_via_api_to_new_content_topics[content_topic_list1]","tests.sharding","2026-09-07","passed","2026-09-07","TestRelayAutosharding","test_relay_auto_sharding","",""
"","611","test_publish_on_multiple_pubsub_topics","tests.relay","2026-09-07","passed","2026-09-07","TestRelayPublish","test_publish","",""
"","1022","test_publish_after_node1_restarts","tests.relay","2026-09-07","passed","2026-09-07","TestRelayPublish","test_publish","",""
"","0","test_light_push_and_retrieve_100_messages","tests.light_push","2026-09-07","skipped","2026-09-07","TestLightPushPublish","test_publish","",""
"","2545","test_different_page_size[11]","tests.store","2026-09-07","passed","2026-09-07","TestPageSize","test_page_size","",""
"","1245","test_time_filter_zero_end_time","tests.store","2026-09-07","passed","2026-09-07","TestTimeFilter","test_time_filter","",""
"","252","test_light_push_with_payload_of_1_MB","tests.light_push","2026-09-07","passed","2026-09-07","TestLightPushPublish","test_publish","",""
"","833","test_passing_invalid_cursor","tests.store","2026-09-07","passed","2026-09-07","TestCursor","test_cursor","",""
"","17128","test_add_peers","tests.peer_connection_management","2026-09-07","passed","2026-09-07","TestPeerStore","test_peer_store","",""
"","1232","test_get_debug_version_is_string","tests.rest_flags","2026-09-07","passed","2026-09-07","TestDebugFlags","test_debug_flags","",""
"","3472","test_relay_peers_on_shard_contains_connected_peer","tests.rest_flags","2026-09-07","passed","2026-09-07","TestAdminFlags","test_admin_flags","",""
"","5893","test_sync_nodes_are_not_relay_and_have_storenode_set","tests.store_sync","2026-09-07","passed","2026-09-07","TestStoreSync","test_store_sync","",""
"","5837","test_get_peers_for_filter_node","tests.peer_exchange","2026-09-07","passed","2026-09-07","TestPeerExchange","test_peer_exchange","",""
"","4006","test_unsubscribe_from_some_pubsub_topics","tests.sharding","2026-09-07","passed","2026-09-07","TestRelayStaticSharding","test_relay_static_sharding","",""
"","1944","test_get_store_messages_with_different_pubsub_topics","tests.store","2026-09-07","passed","2026-09-07","TestGetMessages","test_get_messages","",""
"","645772","test_query_after_long_time","tests.store_sync","2026-09-07","passed","2026-09-07","TestStoreSync","test_store_sync","",""
"","1704","test_get_store_messages_with_different_content_topics","tests.store","2026-09-07","passed","2026-09-07","TestGetMessages","test_get_messages","",""
"","30970","test_extreme_number_page_size","tests.store","2026-09-07","passed","2026-09-07","TestPageSize","test_page_size","",""
"","4725","test_get_peers_for_blank_node","tests.peer_exchange","2026-09-07","passed","2026-09-07","TestPeerExchange","test_peer_exchange","",""
"","1115","test_filter_unsubscribe_all_from_few_content_topics","tests.filter","2026-09-07","passed","2026-09-07","TestFilterUnSubscribeAll","test_unsubscribe_all","",""
"","254","test_filter_subscribe_refresh","tests.filter","2026-09-07","passed","2026-09-07","TestFilterSubscribeCreate","test_subscribe_create","",""
"","6264","test_metrics_initial_value","tests.metrics","2026-09-07","skipped","2026-09-07","TestMetrics","test_metrics","",""
"","3145","test_single_pubsub_topic[/waku/2/rs/199/0]","tests.sharding","2026-09-07","passed","2026-09-07","TestRunningNodesStaticSharding","test_running_nodes_static_sharding","",""
"","4924","test_combination_of_different_nodes","tests.light_push","2026-09-07","passed","2026-09-07","TestMultipleNodes","test_multiple_nodes","",""
"","419","test_messages_with_timestamps_far_from_now","tests.store","2026-09-07","passed","2026-09-07","TestTimeFilter","test_time_filter","",""
